{"count":1,"self":995.4597888,"total":3385.5068223,"children":{"InitializeActuators":{"count":20,"self":0.0025241,"total":0.0025241,"children":null},"InitializeSensors":{"count":20,"self":0.0020285999999999998,"total":0.0020285999999999998,"children":null},"AgentSendState":{"count":1007734,"self":6.1593388,"total":31.6977685,"children":{"CollectObservations":{"count":4030940,"self":2.8202941999999998,"total":2.8202941999999998,"children":null},"WriteActionMask":{"count":4030940,"self":0.7095454,"total":0.7095454,"children":null},"RequestDecision":{"count":4030940,"self":5.2545096,"total":22.008589999999998,"children":{"AgentInfo.ToProto":{"count":4030940,"self":4.5919384,"total":16.7540804,"children":{"GenerateSensorData":{"count":4030940,"self":12.162142399999999,"total":12.1621422,"children":null}}}}}}},"DecideAction":{"count":1007734,"self":2288.3981312,"total":2288.3981398,"children":null},"AgentAct":{"count":1007734,"self":69.6709312,"total":69.6969464,"children":{"AgentInfo.ToProto":{"count":2088,"self":0.0072140999999999993,"total":0.0260162,"children":{"GenerateSensorData":{"count":2088,"self":0.0188021,"total":0.0188021,"children":null}}}}},"AgentInfo.ToProto":{"count":17761,"self":0.0859839,"total":0.24861529999999998,"children":{"GenerateSensorData":{"count":17761,"self":0.16263139999999998,"total":0.16263139999999998,"children":null}}}},"gauges":{"My Behavior.CumulativeReward":{"count":19849,"max":200,"min":-250,"runningAverage":72.15725,"value":200,"weightedAverage":195.516541}},"metadata":{"timer_format_version":"0.1.0","start_time_seconds":"1675667129","unity_version":"2021.3.7f1","command_line_arguments":"C:\\Program Files\\Unity\\Hub\\Editor\\2021.3.7f1\\Editor\\Unity.exe -projectpath D:\\Project\\Unity\\Kmitl_project_Rouge_Like_Action-RPG -useHub -hubIPC -cloudEnvironment production -licensingIpc LicenseClient-ASUS -hubSessionId 6a280400-a5e3-11ed-95b1-ebed23ad6aa3 -accessToken HP8yhfWu5-s8Msfs7ILdzhEiaeLtBayZMEPO2vx3OJg011f","communication_protocol_version":"1.5.0","com.unity.ml-agents_version":"2.0.1","scene_name":"ML_Train","end_time_seconds":"1675670515"}}