{"count":1,"self":246.95016959999998,"total":1356.7406747,"children":{"InitializeActuators":{"count":40,"self":0.0019995,"total":0.0019995,"children":null},"InitializeSensors":{"count":40,"self":0.0019949,"total":0.0019949,"children":null},"AgentSendState":{"count":41726,"self":0.5025105,"total":2.5578569,"children":{"CollectObservations":{"count":333840,"self":0.2508533,"total":0.2508533,"children":null},"WriteActionMask":{"count":333840,"self":0.056775599999999996,"total":0.056775599999999996,"children":null},"RequestDecision":{"count":333840,"self":0.39008329999999997,"total":1.7477174999999998,"children":{"AgentInfo.ToProto":{"count":333840,"self":0.34121229999999997,"total":1.3576342,"children":{"GenerateSensorData":{"count":333840,"self":1.0164218999999999,"total":1.0164218999999999,"children":null}}}}}}},"DecideAction":{"count":41726,"self":1097.5947776,"total":1097.5947955,"children":null},"AgentAct":{"count":41726,"self":9.6064736,"total":9.629704,"children":{"AgentInfo.ToProto":{"count":3258,"self":0.00416,"total":0.023230499999999998,"children":{"GenerateSensorData":{"count":3258,"self":0.0190705,"total":0.0190705,"children":null}}}}},"AgentInfo.ToProto":{"count":484,"self":0.0021273,"total":0.004167,"children":{"GenerateSensorData":{"count":484,"self":0.0020396999999999998,"total":0.0020396999999999998,"children":null}}}},"gauges":{"My Behavior.CumulativeReward":{"count":3742,"max":0.948683262,"min":0,"runningAverage":0.109361678,"value":0,"weightedAverage":0.000117693162}},"metadata":{"timer_format_version":"0.1.0","start_time_seconds":"1681190661","unity_version":"2021.3.7f1","command_line_arguments":"C:\\Program Files\\Unity\\Hub\\Editor\\2021.3.7f1\\Editor\\Unity.exe -projectpath D:\\Project\\Unity\\Kmitl_project_Rouge_Like_Action-RPG -useHub -hubIPC -cloudEnvironment production -licensingIpc LicenseClient-ASUS -hubSessionId 0cd91c50-d764-11ed-af21-f1760fa758bc -accessToken VA9Bj1Zmi0nVmM_aWcY667fOItS2--mLcIG9fnuEJNQ011f","communication_protocol_version":"1.5.0","com.unity.ml-agents_version":"2.0.1","scene_name":"ML_Train","end_time_seconds":"1681192018"}}