{"count":1,"self":110.63969279999999,"total":408.95897709999997,"children":{"InitializeActuators":{"count":20,"self":0.0009999,"total":0.0009999,"children":null},"InitializeSensors":{"count":20,"self":0.0020047999999999997,"total":0.0020047999999999997,"children":null},"AgentSendState":{"count":125184,"self":0.8255834,"total":3.9531482,"children":{"CollectObservations":{"count":500740,"self":0.32952339999999997,"total":0.32952339999999997,"children":null},"WriteActionMask":{"count":500740,"self":0.0889054,"total":0.0889054,"children":null},"RequestDecision":{"count":500740,"self":0.6305218,"total":2.709136,"children":{"AgentInfo.ToProto":{"count":500740,"self":0.5438683,"total":2.0786142,"children":{"GenerateSensorData":{"count":500740,"self":1.5347458999999999,"total":1.5347458999999999,"children":null}}}}}}},"DecideAction":{"count":125184,"self":285.6096512,"total":285.6096493,"children":null},"AgentAct":{"count":125184,"self":8.7125152,"total":8.71758,"children":{"AgentInfo.ToProto":{"count":307,"self":0.0020249,"total":0.0050649,"children":{"GenerateSensorData":{"count":307,"self":0.0030399999999999997,"total":0.0030399999999999997,"children":null}}}}},"AgentInfo.ToProto":{"count":2791,"self":0.011140899999999999,"total":0.0359016,"children":{"GenerateSensorData":{"count":2791,"self":0.0247607,"total":0.0247607,"children":null}}}},"gauges":{"My Behavior.CumulativeReward":{"count":3098,"max":200,"min":-250,"runningAverage":-136.217072,"value":200,"weightedAverage":176.955933}},"metadata":{"timer_format_version":"0.1.0","start_time_seconds":"1675134852","unity_version":"2021.3.7f1","command_line_arguments":"C:\\Program Files\\Unity\\Hub\\Editor\\2021.3.7f1\\Editor\\Unity.exe -projectpath D:\\Project\\Unity\\Kmitl_project_Rouge_Like_Action-RPG -useHub -hubIPC -cloudEnvironment production -licensingIpc LicenseClient-ASUS -hubSessionId 13394e90-a103-11ed-90c8-31c93594906d -accessToken afE5_7W2SPGPs3PUAImaUkLfRdBzlQKRRts4W46e-Wg011f","communication_protocol_version":"1.5.0","com.unity.ml-agents_version":"2.0.1","scene_name":"ML_Train","end_time_seconds":"1675135261"}}